{
  "fonts": [
    {
      "cssArray": [
        {
          "name": "font-family",
          "value": "'SS_TTK'"
        },
        {
          "name": "src",
          "value": [
            {
              "url": "fonts/SassonSansTTK_Regular.eot",
              "format": ""
            }
          ]
        },
        {
          "name": "src",
          "value": [
            {
              "url": "fonts/SassonSansTTK_Regular.eot?#iefix",
              "format": "embedded-opentype"
            },
            {
              "url": "fonts/SassonSansTTK_Regular.woff",
              "format": "woff"
            },
            {
              "url": "fonts/SassonSansTTK_Regular.ttf",
              "format": "truetype"
            }
          ]
        },
        {
          "name": "font-weight",
          "value": "normal"
        },
        {
          "name": "font-style",
          "value": "normal"
        }
      ],
      "key": "SassonSansTTK_Regular"
    },
    {
      "cssArray": [
        {
          "name": "font-family",
          "value": "'SS_TTK'"
        },
        {
          "name": "src",
          "value": [
            {
              "url": "fonts/SassonSansTTK_Italic.eot",
              "format": ""
            }
          ]
        },
        {
          "name": "src",
          "value": [
            {
              "url": "fonts/SassonSansTTK_Italic.eot?#iefix",
              "format": "embedded-opentype"
            },
            {
              "url": "fonts/SassonSansTTK_Italic.woff",
              "format": "woff"
            },
            {
              "url": "fonts/SassonSansTTK_Italic.ttf",
              "format": "truetype"
            }
          ]
        },
        {
          "name": "font-weight",
          "value": "normal"
        },
        {
          "name": "font-style",
          "value": "italic"
        }
      ],
      "key": "SassonSansTTK_Italic"
    },
    {
      "cssArray": [
        {
          "name": "font-family",
          "value": "'SS_TTK'"
        },
        {
          "name": "src",
          "value": [
            {
              "url": "fonts/SassonSansTTK_Bold.eot",
              "format": ""
            }
          ]
        },
        {
          "name": "src",
          "value": [
            {
              "url": "fonts/SassonSansTTK_Bold.eot?#iefix",
              "format": "embedded-opentype"
            },
            {
              "url": "fonts/SassonSansTTK_Bold.woff",
              "format": "woff"
            },
            {
              "url": "fonts/SassonSansTTK_Bold.ttf",
              "format": "truetype"
            }
          ]
        },
        {
          "name": "font-weight",
          "value": "bold"
        },
        {
          "name": "font-style",
          "value": "normal"
        }
      ],
      "key": "SassonSansTTK_Bold"
    }
  ],
  "effects": [
    {
      "key": "emphasis",
      "cssArray": [
        {
          "name": "font-weight",
          "value": "bold"
        }
      ]
    },
    {
      "key": "colorEmphasis1",
      "cssArray": [
        {
          "name": "color",
          "value": "rgb(204, 0, 153)"
        }
      ]
    },
    {
      "key": "colorEmphasis2",
      "cssArray": [
        {
          "name": "color",
          "value": "rgb(255, 102, 0)"
        }
      ]
    },
    {
      "key": "colorEmphasis3",
      "cssArray": [
        {
          "name": "color",
          "value": "rgb(0, 153, 255)"
        }
      ]
    },
    {
      "key": "highlightColor1",
      "cssArray": [
        {
          "name": "background-color",
          "value": "rgb(140, 255, 0)"
        }
      ]
    },
    {
      "key": "highlightColor2",
      "cssArray": [
        {
          "name": "background-color",
          "value": "rgb(64, 255, 217)"
        }
      ]
    },
    {
      "key": "highlightColor3",
      "cssArray": [
        {
          "name": "background-color",
          "value": "rgb(255, 128, 182)"
        }
      ]
    },
    {
      "key": "highlightColor4",
      "cssArray": [
        {
          "name": "background-color",
          "value": "rgb(255, 255, 0)"
        }
      ]
    },
    {
      "key": "quote",
      "cssArray": [
        {
          "name": "font-style",
          "value": "italic"
        },
        {
          "name": "font-size",
          "value": "100.0%"
        },
        {
          "name": "color",
          "value": "rgb(51, 51, 51)"
        }
      ]
    },
    {
      "key": "link",
      "cssArray": [
        {
          "name": "color",
          "value": "rgb(0, 153, 255)"
        },
        {
          "name": "text-decoration",
          "value": "underline"
        }
      ]
    },
    {
      "key": "credit",
      "cssArray": [
        {
          "name": "font-size",
          "value": "72.7%"
        },
        {
          "name": "color",
          "value": "rgb(134, 134, 134)"
        }
      ]
    },
    {
      "key": "partOfSpeach",
      "cssArray": [
        {
          "name": "font-style",
          "value": "italic"
        },
        {
          "name": "font-size",
          "value": "100.0%"
        },
        {
          "name": "color",
          "value": "rgb(51, 51, 51)"
        }
      ]
    },
    {
      "key": "superscript",
      "cssArray": [
        {
          "name": "font-size",
          "value": "40%"
        },
        {
          "name": "vertical-align",
          "value": "text-top"
        }
      ]
    },
    {
      "key": "subscript",
      "cssArray": [
        {
          "name": "font-size",
          "value": "40%"
        },
        {
          "name": "vertical-align",
          "value": "text-bottom"
        }
      ]
    },
    {
      "key": "indent1",
      "cssArray": [
        {
          "name": "display",
          "value": "inline-block"
        },
        {
          "name": "margin-left",
          "value": "50px"
        }
      ]
    },
    {
      "key": "indent2",
      "cssArray": [
        {
          "name": "display",
          "value": "inline-block"
        },
        {
          "name": "margin-left",
          "value": "100px"
        }
      ]
    },
    {
      "key": "indent3",
      "cssArray": [
        {
          "name": "display",
          "value": "inline-block"
        },
        {
          "name": "margin-left",
          "value": "150px"
        }
      ]
    }
  ],
  "styles": [
    {
      "key": "separatorTitle",
      "cssArray": [
        {
          "name": "font-size",
          "value": "1.818em"
        },
        {
          "name": "font-weight",
          "value": "bold"
        },
        {
          "name": "color",
          "value": "rgb(51, 51, 51)"
        },
        {
          "name": "font-family",
          "value": "'SS_TTK'"
        }
      ]
    },
    {
      "key": "separatorSubTitle",
      "cssArray": [
        {
          "name": "font-size",
          "value": "1em"
        },
        {
          "name": "color",
          "value": "rgb(51, 51, 51)"
        },
        {
          "name": "font-family",
          "value": "'SS_TTK'"
        }
      ]
    },
    {
      "key": "sequenceTitle",
      "cssArray": [
        {
          "name": "font-size",
          "value": "2.857rem"
        },
        {
          "name": "font-weight",
          "value": "normal"
        },
        {
          "name": "color",
          "value": "rgb(51, 51, 51)"
        },
        {
          "name": "font-family",
          "value": "'SS_TTK'"
        }
      ]
    },
    {
      "key": "sequenceSubTitle",
      "cssArray": [
        {
          "name": "font-size",
          "value": "2rem"
        },
        {
          "name": "color",
          "value": "rgb(17, 17, 17)"
        },
        {
          "name": "font-style",
          "value": "italic"
        },
        {
          "name": "font-weight",
          "value": "normal"
        },
        {
          "name": "font-family",
          "value": "'SS_TTK'"
        }
      ]
    },
    {
      "key": "pedagogicalTitle",
      "cssArray": [
        {
          "name": "font-size",
          "value": "1.571rem"
        },
        {
          "name": "font-weight",
          "value": "bold"
        },
        {
          "name": "color",
          "value": "rgb(51, 51, 51)"
        },
        {
          "name": "font-family",
          "value": "'SS_TTK'"
        }
      ]
    },
    {
      "key": "selfcheckTitle",
      "cssArray": [
        {
          "name": "font-size",
          "value": "1.571rem"
        },
        {
          "name": "font-weight",
          "value": "bold"
        },
        {
          "name": "color",
          "value": "rgb(51, 51, 51)"
        },
        {
          "name": "font-family",
          "value": "'SS_TTK'"
        }
      ]
    },
    {
      "key": "instruction",
      "cssArray": [
        {
          "name": "font-size",
          "value": "1.285rem"
        },
        {
          "name": "font-style",
          "value": "italic"
        },
        {
          "name": "color",
          "value": "rgb(135, 135, 135)"
        },
        {
          "name": "font-family",
          "value": "'SS_TTK'"
        }
      ]
    },
    {
      "key": "feedback",
      "cssArray": [
        {
          "name": "font-size",
          "value": "1.285rem"
        },
        {
          "name": "color",
          "value": "rgb(51, 51, 51)"
        },
        {
          "name": "font-family",
          "value": "'SS_TTK'"
        }
      ]
    },
    {
      "key": "imageCaption",
      "cssArray": [
        {
          "name": "font-size",
          "value": "1.143rem"
        },
        {
          "name": "color",
          "value": "rgb(135, 135, 135)"
        },
        {
          "name": "font-family",
          "value": "'SS_TTK'"
        }
      ]
    },
    {
      "key": "imageCredit",
      "cssArray": [
        {
          "name": "font-size",
          "value": "0.857rem"
        },
        {
          "name": "color",
          "value": "rgb(135, 135, 135)"
        },
        {
          "name": "font-style",
          "value": "normal"
        },
        {
          "name": "font-family",
          "value": "'SS_TTK'"
        }
      ]
    },
    {
      "key": "row.title",
      "cssArray": [
        {
          "name": "font-size",
          "value": "1.429rem"
        },
        {
          "name": "font-weight",
          "value": "bold"
        },
        {
          "name": "color",
          "value": "rgb(51, 51, 51)"
        },
        {
          "name": "font-family",
          "value": "'SS_TTK'"
        }
      ]
    },
    {
      "key": "tableHeader",
      "cssArray": [
        {
          "name": "font-size",
          "value": "0.909em"
        },
        {
          "name": "font-weight",
          "value": "bold"
        },
        {
          "name": "color",
          "value": "rgb(51, 51, 51)"
        },
        {
          "name": "font-family",
          "value": "'SS_TTK'"
        }
      ]
    },
    {
      "key": "tableSummary",
      "cssArray": [
        {
          "name": "font-size",
          "value": "0.909em"
        },
        {
          "name": "font-weight",
          "value": "bold"
        },
        {
          "name": "color",
          "value": "rgb(51, 51, 51)"
        },
        {
          "name": "font-family",
          "value": "'SS_TTK'"
        }
      ]
    },
    {
      "key": "row.copyrights",
      "cssArray": [
        {
          "name": "font-size",
          "value": "0.857rem"
        },
        {
          "name": "color",
          "value": "rgb(135, 135, 135)"
        },
        {
          "name": "font-style",
          "value": "normal"
        },
        {
          "name": "font-family",
          "value": "'SS_TTK'"
        }
      ]
    },
    {
      "key": "fillInTheGapsHint",
      "cssArray": [
        {
          "name": "font-size",
          "value": "1.143rem"
        },
        {
          "name": "color",
          "value": "rgb(154, 154, 154)"
        },
        {
          "name": "font-family",
          "value": "'SS_TTK'"
        }
      ]
    },
    {
      "key": "bankReadOnly",
      "cssArray": [
        {
          "name": "font-size",
          "value": "1em"
        },
        {
          "name": "color",
          "value": "rgb(102, 102, 102)"
        },
        {
          "name": "font-family",
          "value": "'SS_TTK'"
        }
      ]
    },
    {
      "key": "definition",
      "cssArray": [
        {
          "name": "font-size",
          "value": "0.909em"
        },
        {
          "name": "font-weight",
          "value": "bold"
        },
        {
          "name": "color",
          "value": "rgb(108, 108, 108)"
        },
        {
          "name": "font-family",
          "value": "'SS_TTK'"
        }
      ]
    },
    {
      "key": "subQuestion",
      "cssArray": [
        {
          "name": "font-size",
          "value": "1em"
        },
        {
          "name": "color",
          "value": "rgb(68, 68, 68)"
        },
        {
          "name": "font-family",
          "value": "'SS_TTK'"
        }
      ]
    },
    {
      "key": "normal",
      "cssArray": [
        {
          "name": "font-weight",
          "value": "normal"
        },
        {
          "name": "font-size",
          "value": "1.273em"
        },
        {
          "name": "color",
          "value": "rgb(51, 51, 51)"
        },
        {
          "name": "font-family",
          "value": "'SS_TTK'"
        }
      ]
    },
    {
      "key": "heading1",
      "cssArray": [
        {
          "name": "font-size",
          "value": "1.545em"
        },
        {
          "name": "font-family",
          "value": "\"SS_TTK\""
        },
        {
          "name": "color",
          "value": "rgb(51, 51, 51)"
        }
      ]
    },
    {
      "key": "heading2",
      "cssArray": [
        {
          "name": "font-size",
          "value": "1.363em"
        },
        {
          "name": "font-family",
          "value": "\"SS_TTK\""
        },
        {
          "name": "color",
          "value": "rgb(51, 51, 51)"
        }
      ]
    },
    {
      "key": "shortText",
      "cssArray": [
        {
          "name": "font-size",
          "value": "1.818em"
        },
        {
          "name": "font-family",
          "value": "\"SS_TTK\""
        },
        {
          "name": "color",
          "value": "rgb(51, 51, 51)"
        }
      ]
    }
  ]
}