{
  "fonts": [
    {
      "cssArray": [
        {
          "name": "font-family",
          "value": "'verdana'"
        },
        {
          "name": "src",
          "value": [
            {
              "url": "fonts/verdana_bold.ttf",
              "format": "truetype"
            }
          ]
        },
        {
          "name": "font-weight",
          "value": "bold"
        },
        {
          "name": "font-style",
          "value": "normal"
        }
      ],
      "key": "verdana_bold"
    },
    {
      "cssArray": [
        {
          "name": "font-family",
          "value": "'verdana'"
        },
        {
          "name": "src",
          "value": [
            {
              "url": "fonts/verdana_normal.ttf",
              "format": "truetype"
            }
          ]
        },
        {
          "name": "font-weight",
          "value": "normal"
        },
        {
          "name": "font-style",
          "value": "normal"
        }
      ],
      "key": "verdana_normal"
    },
    {
      "cssArray": [
        {
          "name": "font-family",
          "value": "'verdana'"
        },
        {
          "name": "src",
          "value": [
            {
              "url": "fonts/verdana_italic.ttf",
              "format": "truetype"
            }
          ]
        },
        {
          "name": "font-weight",
          "value": "normal"
        },
        {
          "name": "font-style",
          "value": "italic"
        }
      ],
      "key": "verdana_italic"
    },
    {
      "cssArray": [
        {
          "name": "font-family",
          "value": "'verdana'"
        },
        {
          "name": "src",
          "value": [
            {
              "url": "fonts/verdana_bold,italic.ttf",
              "format": "truetype"
            }
          ]
        },
        {
          "name": "font-weight",
          "value": "bold"
        },
        {
          "name": "font-style",
          "value": "italic"
        }
      ],
      "key": "verdana_bold,italic"
    }
  ],
  "effects": [
    {
      "key": "emphasis",
      "cssArray": [
        {
          "name": "font-weight",
          "value": "bold"
        },
        {
          "name": "color",
          "value": "rgb(68, 68, 68)"
        }
      ]
    },
    {
      "key": "softEmphasis",
      "cssArray": [
        {
          "name": "font-weight",
          "value": "normal"
        },
        {
          "name": "font-style",
          "value": "italic"
        },
        {
          "name": "color",
          "value": "rgb(68, 68, 68)"
        }
      ]
    },
    {
      "key": "strongEmphasis",
      "cssArray": [
        {
          "name": "font-weight",
          "value": "bold"
        },
        {
          "name": "font-style",
          "value": "italic"
        },
        {
          "name": "color",
          "value": "rgb(68, 68, 68)"
        }
      ]
    },
    {
      "key": "colorEmphasis",
      "cssArray": [
        {
          "name": "font-weight",
          "value": "normal"
        },
        {
          "name": "color",
          "value": "rgb(255, 133, 0)"
        }
      ]
    },
    {
      "key": "strongColorEmphasis",
      "cssArray": [
        {
          "name": "font-weight",
          "value": "bold"
        },
        {
          "name": "color",
          "value": "rgb(255, 133, 0)"
        }
      ]
    },
    {
      "key": "superscript",
      "cssArray": [
        {
          "name": "font-size",
          "value": "40%"
        },
        {
          "name": "vertical-align",
          "value": "text-top"
        }
      ]
    },
    {
      "key": "subscript",
      "cssArray": [
        {
          "name": "font-size",
          "value": "40%"
        },
        {
          "name": "vertical-align",
          "value": "text-bottom"
        }
      ]
    },
    {
      "key": "indent1",
      "cssArray": [
        {
          "name": "display",
          "value": "inline-block"
        },
        {
          "name": "margin-left",
          "value": "50px"
        }
      ]
    },
    {
      "key": "indent2",
      "cssArray": [
        {
          "name": "display",
          "value": "inline-block"
        },
        {
          "name": "margin-left",
          "value": "100px"
        }
      ]
    },
    {
      "key": "indent3",
      "cssArray": [
        {
          "name": "display",
          "value": "inline-block"
        },
        {
          "name": "margin-left",
          "value": "150px"
        }
      ]
    }
  ],
  "styles": [
    {
      "key": "separatorTitle",
      "cssArray": [
        {
          "name": "font-size",
          "value": "1.818em"
        },
        {
          "name": "font-weight",
          "value": "bold"
        },
        {
          "name": "color",
          "value": "rgb(51, 51, 51)"
        },
        {
          "name": "font-family",
          "value": "'verdana'"
        }
      ]
    },
    {
      "key": "separatorSubTitle",
      "cssArray": [
        {
          "name": "font-size",
          "value": "1em"
        },
        {
          "name": "color",
          "value": "rgb(51, 51, 51)"
        },
        {
          "name": "font-family",
          "value": "'verdana'"
        }
      ]
    },
    {
      "key": "sequenceTitle",
      "cssArray": [
        {
          "name": "font-size",
          "value": "2rem"
        },
        {
          "name": "font-weight",
          "value": "bold"
        },
        {
          "name": "color",
          "value": "rgb(255, 133, 0)"
        },
        {
          "name": "font-family",
          "value": "'verdana'"
        }
      ]
    },
    {
      "key": "sequenceSubTitle",
      "cssArray": [
        {
          "name": "font-size",
          "value": "0.909em"
        },
        {
          "name": "font-weight",
          "value": "normal"
        },
        {
          "name": "color",
          "value": "rgb(109, 120, 134)"
        },
        {
          "name": "font-style",
          "value": "italic"
        },
        {
          "name": "font-family",
          "value": "'verdana'"
        }
      ]
    },
    {
      "key": "pedagogicalTitle",
      "cssArray": [
        {
          "name": "font-size",
          "value": "1.85rem"
        },
        {
          "name": "font-weight",
          "value": "bold"
        },
        {
          "name": "color",
          "value": "rgb(255, 133, 0)"
        },
        {
          "name": "background-color",
          "value": "rgb(255, 229, 210)"
        },
        {
          "name": "font-family",
          "value": "'verdana'"
        }
      ]
    },
    {
      "key": "selfcheckTitle",
      "cssArray": [
        {
          "name": "font-size",
          "value": "1.571rem"
        },
        {
          "name": "font-weight",
          "value": "bold"
        },
        {
          "name": "color",
          "value": "rgb(51, 51, 51)"
        },
        {
          "name": "font-family",
          "value": "'verdana'"
        }
      ]
    },
    {
      "key": "instruction",
      "cssArray": [
        {
          "name": "font-size",
          "value": "1.428rem"
        },
        {
          "name": "font-style",
          "value": "normal"
        },
        {
          "name": "color",
          "value": "rgb(109, 120, 134)"
        },
        {
          "name": "font-family",
          "value": "'verdana'"
        }
      ]
    },
    {
      "key": "feedback",
      "cssArray": [
        {
          "name": "font-size",
          "value": "1.2857rem"
        },
        {
          "name": "color",
          "value": "rgb(51, 51, 51)"
        },
        {
          "name": "font-family",
          "value": "'verdana'"
        }
      ]
    },
    {
      "key": "imageCaption",
      "cssArray": [
        {
          "name": "font-size",
          "value": "1.143rem"
        },
        {
          "name": "color",
          "value": "rgb(68, 68, 68)"
        },
        {
          "name": "font-family",
          "value": "'verdana'"
        }
      ]
    },
    {
      "key": "imageCredit",
      "cssArray": [
        {
          "name": "font-size",
          "value": "0.857rem"
        },
        {
          "name": "color",
          "value": "rgb(109, 120, 134)"
        },
        {
          "name": "font-style",
          "value": "normal"
        },
        {
          "name": "font-family",
          "value": "'verdana'"
        }
      ]
    },
    {
      "key": "row.title",
      "cssArray": [
        {
          "name": "font-size",
          "value": "1.429rem"
        },
        {
          "name": "font-weight",
          "value": "bold"
        },
        {
          "name": "color",
          "value": "rgb(51, 51, 51)"
        },
        {
          "name": "font-family",
          "value": "'verdana'"
        }
      ]
    },
    {
      "key": "tableHeader",
      "cssArray": [
        {
          "name": "font-size",
          "value": "0.909em"
        },
        {
          "name": "font-weight",
          "value": "bold"
        },
        {
          "name": "color",
          "value": "rgb(51, 51, 51)"
        },
        {
          "name": "font-family",
          "value": "'verdana'"
        }
      ]
    },
    {
      "key": "tableSummary",
      "cssArray": [
        {
          "name": "font-size",
          "value": "0.909em"
        },
        {
          "name": "font-weight",
          "value": "bold"
        },
        {
          "name": "color",
          "value": "rgb(51, 51, 51)"
        },
        {
          "name": "font-family",
          "value": "'verdana'"
        }
      ]
    },
    {
      "key": "row.copyrights",
      "cssArray": [
        {
          "name": "font-size",
          "value": "0.857rem"
        },
        {
          "name": "color",
          "value": "rgb(135, 135, 135)"
        },
        {
          "name": "font-style",
          "value": "normal"
        },
        {
          "name": "font-family",
          "value": "'verdana'"
        }
      ]
    },
    {
      "key": "fillInTheGapsHint",
      "cssArray": [
        {
          "name": "font-size",
          "value": "1.143rem"
        },
        {
          "name": "color",
          "value": "rgb(154, 154, 154)"
        },
        {
          "name": "font-family",
          "value": "'verdana'"
        }
      ]
    },
    {
      "key": "bankReadOnly",
      "cssArray": [
        {
          "name": "font-size",
          "value": "1em"
        },
        {
          "name": "color",
          "value": "rgb(102, 102, 102)"
        },
        {
          "name": "font-family",
          "value": "'verdana'"
        }
      ]
    },
    {
      "key": "definition",
      "cssArray": [
        {
          "name": "font-size",
          "value": "0.909em"
        },
        {
          "name": "font-weight",
          "value": "bold"
        },
        {
          "name": "color",
          "value": "rgb(108, 108, 108)"
        },
        {
          "name": "font-family",
          "value": "'verdana'"
        }
      ]
    },
    {
      "key": "subQuestion",
      "cssArray": [
        {
          "name": "font-size",
          "value": "1em"
        },
        {
          "name": "color",
          "value": "rgb(68, 68, 68)"
        },
        {
          "name": "font-family",
          "value": "'verdana'"
        }
      ]
    },
    {
      "key": "normal",
      "cssArray": [
        {
          "name": "font-weight",
          "value": "normal"
        },
        {
          "name": "font-size",
          "value": "1em"
        },
        {
          "name": "color",
          "value": "rgb(68, 68, 68)"
        },
        {
          "name": "font-family",
          "value": "'verdana'"
        }
      ]
    },
    {
      "key": "question",
      "cssArray": [
        {
          "name": "font-weight",
          "value": "normal"
        },
        {
          "name": "font-size",
          "value": "1.136em"
        },
        {
          "name": "color",
          "value": "rgb(68, 68, 68)"
        },
        {
          "name": "font-family",
          "value": "'verdana'"
        }
      ]
    },
    {
      "key": "legende",
      "cssArray": [
        {
          "name": "font-weight",
          "value": "normal"
        },
        {
          "name": "font-size",
          "value": "0.818em"
        },
        {
          "name": "color",
          "value": "rgb(68, 68, 68)"
        },
        {
          "name": "text-align",
          "value": "right"
        },
        {
          "name": "font-family",
          "value": "'verdana'"
        }
      ]
    }
  ]
}