{
  "fonts": [
    {
      "cssArray": [
        {
          "name": "font-family",
          "value": "'SRA_SANS_2'"
        },
        {
          "name": "src",
          "value": [
            {
              "url": "fonts/SRASans2.0_Regular.eot",
              "format": ""
            }
          ]
        },
        {
          "name": "src",
          "value": [
            {
              "url": "fonts/SRASans2.0_Regular.eot?#iefix",
              "format": "embedded-opentype"
            },
            {
              "url": "fonts/SRASans2.0_Regular.woff",
              "format": "woff"
            },
            {
              "url": "fonts/SRASans2.0_Regular.ttf",
              "format": "truetype"
            },
            {
              "url": "fonts/SRASans2.0_Regular.svg",
              "format": "svg"
            }
          ]
        },
        {
          "name": "font-weight",
          "value": "normal"
        },
        {
          "name": "font-style",
          "value": "normal"
        }
      ],
      "key": "SRASans2_regular"
    },
    {
      "cssArray": [
        {
          "name": "font-family",
          "value": "'SRA_SANS_2'"
        },
        {
          "name": "src",
          "value": [
            {
              "url": "fonts/SRASans2.0_Italic.eot",
              "format": ""
            }
          ]
        },
        {
          "name": "src",
          "value": [
            {
              "url": "fonts/SRASans2.0_Italic.eot?#iefix",
              "format": "embedded-opentype"
            },
            {
              "url": "fonts/SRASans2.0_Italic.woff",
              "format": "woff"
            },
            {
              "url": "fonts/SRASans2.0_Italic.ttf",
              "format": "truetype"
            },
            {
              "url": "fonts/SRASans2.0_Italic.svg",
              "format": "svg"
            }
          ]
        },
        {
          "name": "font-weight",
          "value": "normal"
        },
        {
          "name": "font-style",
          "value": "italic"
        }
      ],
      "key": "SRASans2_italic"
    },
    {
      "cssArray": [
        {
          "name": "font-family",
          "value": "'SRA_SANS_2'"
        },
        {
          "name": "src",
          "value": [
            {
              "url": "fonts/SRASans2.0_Bold.eot",
              "format": ""
            }
          ]
        },
        {
          "name": "src",
          "value": [
            {
              "url": "fonts/SRASans2.0_Bold.eot?#iefix",
              "format": "embedded-opentype"
            },
            {
              "url": "fonts/SRASans2.0_Bold.woff",
              "format": "woff"
            },
            {
              "url": "fonts/SRASans2.0_Bold.ttf",
              "format": "truetype"
            },
            {
              "url": "fonts/SRASans2.0_Bold.svg",
              "format": "svg"
            }
          ]
        },
        {
          "name": "font-weight",
          "value": "bold"
        },
        {
          "name": "font-style",
          "value": "normal"
        }
      ],
      "key": "SRASans2_bold"
    },
    {
      "cssArray": [
        {
          "name": "font-family",
          "value": "'SRA_SANS_2'"
        },
        {
          "name": "src",
          "value": [
            {
              "url": "fonts/SRASans2.0_Bold,italic.eot",
              "format": ""
            }
          ]
        },
        {
          "name": "src",
          "value": [
            {
              "url": "fonts/SRASans2.0_Bold,italic.eot?#iefix",
              "format": "embedded-opentype"
            },
            {
              "url": "fonts/SRASans2.0_Bold,italic.woff",
              "format": "woff"
            },
            {
              "url": "fonts/SRASans2.0_Bold,italic.ttf",
              "format": "truetype"
            },
            {
              "url": "fonts/SRASans2.0_Bold,italic.svg",
              "format": "svg"
            }
          ]
        },
        {
          "name": "font-weight",
          "value": "bold"
        },
        {
          "name": "font-style",
          "value": "italic"
        }
      ],
      "key": "SRASans2_bold,italic"
    }
  ],
  "effects": [
    {
      "key": "redEmphasis",
      "cssArray": [
        {
          "name": "font-weight",
          "value": "bold"
        },
        {
          "name": "color",
          "value": "rgb(197, 20, 27)"
        }
      ]
    },
    {
      "key": "redItalEmphasis",
      "cssArray": [
        {
          "name": "font-weight",
          "value": "bold"
        },
        {
          "name": "color",
          "value": "rgb(197, 20, 27)"
        },
        {
          "name": "font-style",
          "value": "italic"
        }
      ]
    },
    {
      "key": "blueEmphasis",
      "cssArray": [
        {
          "name": "font-weight",
          "value": "bold"
        },
        {
          "name": "color",
          "value": "rgb(0, 122, 169)"
        }
      ]
    },
    {
      "key": "blueItalEmphasis",
      "cssArray": [
        {
          "name": "font-weight",
          "value": "bold"
        },
        {
          "name": "color",
          "value": "rgb(0, 122, 169)"
        },
        {
          "name": "font-style",
          "value": "italic"
        }
      ]
    },
    {
      "key": "greenEmphasis",
      "cssArray": [
        {
          "name": "font-weight",
          "value": "bold"
        },
        {
          "name": "color",
          "value": "rgb(91, 177, 71)"
        }
      ]
    },
    {
      "key": "greenItalEmphasis",
      "cssArray": [
        {
          "name": "font-weight",
          "value": "bold"
        },
        {
          "name": "color",
          "value": "rgb(91, 177, 71)"
        },
        {
          "name": "font-style",
          "value": "italic"
        }
      ]
    },
    {
      "key": "emphasis",
      "cssArray": [
        {
          "name": "font-weight",
          "value": "bold"
        }
      ]
    },
    {
      "key": "softEmphasis",
      "cssArray": [
        {
          "name": "font-style",
          "value": "italic"
        }
      ]
    },
    {
      "key": "strongEmphasis",
      "cssArray": [
        {
          "name": "font-weight",
          "value": "bold"
        },
        {
          "name": "font-style",
          "value": "italic"
        }
      ]
    },
    {
      "key": "colorEmphasis",
      "cssArray": [
        {
          "name": "color",
          "value": "rgb(193, 77, 145)"
        }
      ]
    },
    {
      "key": "strongColorEmphasis",
      "cssArray": [
        {
          "name": "color",
          "value": "rgb(193, 77, 145)"
        },
        {
          "name": "font-weight",
          "value": "bold"
        }
      ]
    },
    {
      "key": "superscript",
      "cssArray": [
        {
          "name": "font-size",
          "value": "40%"
        },
        {
          "name": "vertical-align",
          "value": "text-top"
        }
      ]
    },
    {
      "key": "subscript",
      "cssArray": [
        {
          "name": "font-size",
          "value": "40%"
        },
        {
          "name": "vertical-align",
          "value": "text-bottom"
        }
      ]
    },
    {
      "key": "indent1",
      "cssArray": [
        {
          "name": "display",
          "value": "inline-block"
        },
        {
          "name": "margin-left",
          "value": "50px"
        }
      ]
    },
    {
      "key": "indent2",
      "cssArray": [
        {
          "name": "display",
          "value": "inline-block"
        },
        {
          "name": "margin-left",
          "value": "100px"
        }
      ]
    },
    {
      "key": "indent3",
      "cssArray": [
        {
          "name": "display",
          "value": "inline-block"
        },
        {
          "name": "margin-left",
          "value": "150px"
        }
      ]
    }
  ],
  "styles": [
    {
      "key": "separatorTitle",
      "cssArray": [
        {
          "name": "font-size",
          "value": "1.818em"
        },
        {
          "name": "font-weight",
          "value": "bold"
        },
        {
          "name": "color",
          "value": "rgb(51, 51, 51)"
        },
        {
          "name": "font-family",
          "value": "'SRA_SANS_2'"
        }
      ]
    },
    {
      "key": "separatorSubTitle",
      "cssArray": [
        {
          "name": "font-size",
          "value": "1em"
        },
        {
          "name": "color",
          "value": "rgb(51, 51, 51)"
        },
        {
          "name": "font-family",
          "value": "'SRA_SANS_2'"
        }
      ]
    },
    {
      "key": "sequenceTitle",
      "cssArray": [
        {
          "name": "font-size",
          "value": "2.857rem"
        },
        {
          "name": "font-weight",
          "value": "normal"
        },
        {
          "name": "color",
          "value": "rgb(51, 51, 51)"
        },
        {
          "name": "font-family",
          "value": "'SRA_SANS_2'"
        }
      ]
    },
    {
      "key": "sequenceSubTitle",
      "cssArray": [
        {
          "name": "font-size",
          "value": "2rem"
        },
        {
          "name": "color",
          "value": "rgb(17, 17, 17)"
        },
        {
          "name": "font-style",
          "value": "italic"
        },
        {
          "name": "font-weight",
          "value": "normal"
        },
        {
          "name": "font-family",
          "value": "'SRA_SANS_2'"
        }
      ]
    },
    {
      "key": "pedagogicalTitle",
      "cssArray": [
        {
          "name": "font-size",
          "value": "1.571rem"
        },
        {
          "name": "font-weight",
          "value": "bold"
        },
        {
          "name": "color",
          "value": "rgb(51, 51, 51)"
        },
        {
          "name": "font-family",
          "value": "'SRA_SANS_2'"
        }
      ]
    },
    {
      "key": "selfcheckTitle",
      "cssArray": [
        {
          "name": "font-size",
          "value": "1.571rem"
        },
        {
          "name": "font-weight",
          "value": "bold"
        },
        {
          "name": "color",
          "value": "rgb(51, 51, 51)"
        },
        {
          "name": "font-family",
          "value": "'SRA_SANS_2'"
        }
      ]
    },
    {
      "key": "instruction",
      "cssArray": [
        {
          "name": "font-size",
          "value": "1.285rem"
        },
        {
          "name": "font-style",
          "value": "italic"
        },
        {
          "name": "color",
          "value": "rgb(135, 135, 135)"
        },
        {
          "name": "font-family",
          "value": "'SRA_SANS_2'"
        }
      ]
    },
    {
      "key": "feedback",
      "cssArray": [
        {
          "name": "font-size",
          "value": "1.285rem"
        },
        {
          "name": "color",
          "value": "rgb(51, 51, 51)"
        },
        {
          "name": "font-family",
          "value": "'SRA_SANS_2'"
        }
      ]
    },
    {
      "key": "imageCaption",
      "cssArray": [
        {
          "name": "font-size",
          "value": "1.143rem"
        },
        {
          "name": "color",
          "value": "rgb(135, 135, 135)"
        },
        {
          "name": "font-family",
          "value": "'SRA_SANS_2'"
        }
      ]
    },
    {
      "key": "imageCredit",
      "cssArray": [
        {
          "name": "font-size",
          "value": "0.857rem"
        },
        {
          "name": "color",
          "value": "rgb(135, 135, 135)"
        },
        {
          "name": "font-style",
          "value": "normal"
        },
        {
          "name": "font-family",
          "value": "'SRA_SANS_2'"
        }
      ]
    },
    {
      "key": "row.title",
      "cssArray": [
        {
          "name": "font-size",
          "value": "1.429rem"
        },
        {
          "name": "font-weight",
          "value": "bold"
        },
        {
          "name": "color",
          "value": "rgb(51, 51, 51)"
        },
        {
          "name": "font-family",
          "value": "'SRA_SANS_2'"
        }
      ]
    },
    {
      "key": "tableHeader",
      "cssArray": [
        {
          "name": "font-size",
          "value": "0.909em"
        },
        {
          "name": "font-weight",
          "value": "bold"
        },
        {
          "name": "color",
          "value": "rgb(51, 51, 51)"
        },
        {
          "name": "font-family",
          "value": "'SRA_SANS_2'"
        }
      ]
    },
    {
      "key": "tableSummary",
      "cssArray": [
        {
          "name": "font-size",
          "value": "0.909em"
        },
        {
          "name": "font-weight",
          "value": "bold"
        },
        {
          "name": "color",
          "value": "rgb(51, 51, 51)"
        },
        {
          "name": "font-family",
          "value": "'SRA_SANS_2'"
        }
      ]
    },
    {
      "key": "row.copyrights",
      "cssArray": [
        {
          "name": "font-size",
          "value": "0.857rem"
        },
        {
          "name": "color",
          "value": "rgb(135, 135, 135)"
        },
        {
          "name": "font-style",
          "value": "normal"
        },
        {
          "name": "font-family",
          "value": "'SRA_SANS_2'"
        }
      ]
    },
    {
      "key": "fillInTheGapsHint",
      "cssArray": [
        {
          "name": "font-size",
          "value": "1.143rem"
        },
        {
          "name": "color",
          "value": "rgb(154, 154, 154)"
        },
        {
          "name": "font-family",
          "value": "'SRA_SANS_2'"
        }
      ]
    },
    {
      "key": "bankReadOnly",
      "cssArray": [
        {
          "name": "font-size",
          "value": "1em"
        },
        {
          "name": "color",
          "value": "rgb(102, 102, 102)"
        },
        {
          "name": "font-family",
          "value": "'SRA_SANS_2'"
        }
      ]
    },
    {
      "key": "definition",
      "cssArray": [
        {
          "name": "font-size",
          "value": "0.909em"
        },
        {
          "name": "font-weight",
          "value": "bold"
        },
        {
          "name": "color",
          "value": "rgb(108, 108, 108)"
        },
        {
          "name": "font-family",
          "value": "'SRA_SANS_2'"
        }
      ]
    },
    {
      "key": "subQuestion",
      "cssArray": [
        {
          "name": "font-size",
          "value": "1em"
        },
        {
          "name": "color",
          "value": "rgb(68, 68, 68)"
        },
        {
          "name": "font-family",
          "value": "'SRA_SANS_2'"
        }
      ]
    },
    {
      "key": "normal",
      "cssArray": [
        {
          "name": "font-weight",
          "value": "normal"
        },
        {
          "name": "font-size",
          "value": "1em"
        },
        {
          "name": "color",
          "value": "rgb(51, 51, 51)"
        },
        {
          "name": "font-family",
          "value": "'SRA_SANS_2'"
        }
      ]
    }
  ]
}