{
  "fonts": [
    {
      "key": "daat_bold",
      "cssArray": [
        {
          "name": "font-family",
          "value": "'daat'"
        },
        {
          "name": "src",
          "value": [
            {
              "url": "fonts/daat_bold.eot",
              "format": ""
            }
          ]
        },
        {
          "name": "src",
          "value": [
            {
              "url": "fonts/daat_bold.eot?#iefix",
              "format": "embedded-opentype"
            },
            {
              "url": "fonts/daat_bold.otf",
              "format": "opentype"
            },
            {
              "url": "fonts/daat_bold.woff",
              "format": "woff"
            },
            {
              "url": "fonts/daat_bold.ttf",
              "format": "truetype"
            },
            {
              "url": "fonts/daat_bold.svg#daatbold",
              "format": "svg"
            }
          ]
        },
        {
          "name": "font-weight",
          "value": "bold"
        },
        {
          "name": "font-style",
          "value": "normal"
        }
      ]
    },
    {
      "key": "daat_light",
      "cssArray": [
        {
          "name": "font-family",
          "value": "'daat'"
        },
        {
          "name": "src",
          "value": [
            {
              "url": "fonts/daat_light.eot",
              "format": ""
            }
          ]
        },
        {
          "name": "src",
          "value": [
            {
              "url": "fonts/daat_light.eot?#iefix",
              "format": "embedded-opentype"
            },
            {
              "url": "fonts/daat_light.otf",
              "format": "opentype"
            },
            {
              "url": "fonts/daat_light.woff",
              "format": "woff"
            },
            {
              "url": "fonts/daat_light.ttf",
              "format": "truetype"
            },
            {
              "url": "fonts/daat_light.svg#daatlight",
              "format": "svg"
            }
          ]
        },
        {
          "name": "font-weight",
          "value": "lighter"
        },
        {
          "name": "font-style",
          "value": "normal"
        }
      ]
    },
    {
      "key": "daat_regular",
      "cssArray": [
        {
          "name": "font-family",
          "value": "'daat'"
        },
        {
          "name": "src",
          "value": [
            {
              "url": "fonts/daat_regular.eot",
              "format": ""
            }
          ]
        },
        {
          "name": "src",
          "value": [
            {
              "url": "fonts/daat_regular.eot?#iefix",
              "format": "embedded-opentype"
            },
            {
              "url": "fonts/daat_regular.otf",
              "format": "opentype"
            },
            {
              "url": "fonts/daat_regular.woff",
              "format": "woff"
            },
            {
              "url": "fonts/daat_regular.ttf",
              "format": "truetype"
            },
            {
              "url": "fonts/daat_regular.svg#daatregular",
              "format": "svg"
            }
          ]
        },
        {
          "name": "font-weight",
          "value": "normal"
        },
        {
          "name": "font-style",
          "value": "normal"
        }
      ]
    },
    {
      "key": "daat_semibold",
      "cssArray": [
        {
          "name": "font-family",
          "value": "'daat'"
        },
        {
          "name": "src",
          "value": [
            {
              "url": "fonts/daat_semibold.eot",
              "format": ""
            }
          ]
        },
        {
          "name": "src",
          "value": [
            {
              "url": "fonts/daat_semibold.eot?#iefix",
              "format": "embedded-opentype"
            },
            {
              "url": "fonts/daat_semibold.otf",
              "format": "opentype"
            },
            {
              "url": "fonts/daat_semibold.woff",
              "format": "woff"
            },
            {
              "url": "fonts/daat_semibold.ttf",
              "format": "truetype"
            },
            {
              "url": "fonts/daat_semibold.svg#daatregular",
              "format": "svg"
            }
          ]
        },
        {
          "name": "font-weight",
          "value": "600"
        },
        {
          "name": "font-style",
          "value": "normal"
        }
      ]
    },
    {
      "key": "daat_heavy",
      "cssArray": [
        {
          "name": "font-family",
          "value": "'daat'"
        },
        {
          "name": "src",
          "value": [
            {
              "url": "fonts/daat_heavy.eot",
              "format": ""
            }
          ]
        },
        {
          "name": "src",
          "value": [
            {
              "url": "fonts/daat_heavy.eot?#iefix",
              "format": "embedded-opentype"
            },
            {
              "url": "fonts/daat_heavy.otf",
              "format": "opentype"
            },
            {
              "url": "fonts/daat_heavy.woff",
              "format": "woff"
            },
            {
              "url": "fonts/daat_heavy.ttf",
              "format": "truetype"
            },
            {
              "url": "fonts/daat_heavy.svg#daatregular",
              "format": "svg"
            }
          ]
        },
        {
          "name": "font-weight",
          "value": "900"
        },
        {
          "name": "font-style",
          "value": "normal"
        }
      ]
    }
  ],
  "effects": [
    {
      "key": "emphasis",
      "cssArray": [
        {
          "name": "font-weight",
          "value": "bold"
        }
      ]
    },
    {
      "key": "emphasis2",
      "cssArray": [
        {
          "name": "text-decoration",
          "value": "underline"
        }
      ]
    },
    {
      "key": "colorEmphasis1",
      "cssArray": [
        {
          "name": "color",
          "value": "rgb(204, 0, 153)"
        }
      ]
    },
    {
      "key": "colorEmphasis2",
      "cssArray": [
        {
          "name": "color",
          "value": "rgb(255, 102, 0)"
        }
      ]
    },
    {
      "key": "colorEmphasis3",
      "cssArray": [
        {
          "name": "color",
          "value": "rgb(0, 153, 255)"
        }
      ]
    },
    {
      "key": "highlightColor1",
      "cssArray": [
        {
          "name": "background-color",
          "value": "rgb(140, 255, 0)"
        }
      ]
    },
    {
      "key": "highlightColor2",
      "cssArray": [
        {
          "name": "background-color",
          "value": "rgb(64, 255, 217)"
        }
      ]
    },
    {
      "key": "highlightColor3",
      "cssArray": [
        {
          "name": "background-color",
          "value": "rgb(255, 128, 182)"
        }
      ]
    },
    {
      "key": "highlightColor4",
      "cssArray": [
        {
          "name": "background-color",
          "value": "rgb(255, 255, 0)"
        }
      ]
    },
    {
      "key": "softEmphasis",
      "cssArray": [
        {
          "name": "font-family",
          "value": "Arial, sans-serif"
        },
        {
          "name": "color",
          "value": "rgb(153, 153, 153)"
        }
      ]
    },
    {
      "key": "link",
      "cssArray": [
        {
          "name": "color",
          "value": "rgb(0, 153, 255)"
        },
        {
          "name": "text-decoration",
          "value": "underline"
        }
      ]
    },
    {
      "key": "credit",
      "cssArray": [
        {
          "name": "font-size",
          "value": "72.7%"
        },
        {
          "name": "color",
          "value": "rgb(134, 134, 134)"
        }
      ]
    },
    {
      "key": "superscript",
      "cssArray": [
        {
          "name": "font-size",
          "value": "40%"
        },
        {
          "name": "vertical-align",
          "value": "text-top"
        }
      ]
    },
    {
      "key": "subscript",
      "cssArray": [
        {
          "name": "font-size",
          "value": "40%"
        },
        {
          "name": "vertical-align",
          "value": "text-bottom"
        }
      ]
    },
    {
      "key": "indent1",
      "cssArray": [
        {
          "name": "display",
          "value": "inline-block"
        },
        {
          "name": "margin-left",
          "value": "50px"
        }
      ]
    },
    {
      "key": "indent2",
      "cssArray": [
        {
          "name": "display",
          "value": "inline-block"
        },
        {
          "name": "margin-left",
          "value": "100px"
        }
      ]
    },
    {
      "key": "indent3",
      "cssArray": [
        {
          "name": "display",
          "value": "inline-block"
        },
        {
          "name": "margin-left",
          "value": "150px"
        }
      ]
    }
  ],
  "styles": [
    {
      "key": "separatorTitle",
      "cssArray": [
        {
          "name": "font-size",
          "value": "1.818em"
        },
        {
          "name": "font-weight",
          "value": "bold"
        },
        {
          "name": "color",
          "value": "rgb(51, 51, 51)"
        },
        {
          "name": "font-family",
          "value": "'daat'"
        }
      ]
    },
    {
      "key": "separatorSubTitle",
      "cssArray": [
        {
          "name": "font-size",
          "value": "1em"
        },
        {
          "name": "color",
          "value": "rgb(51, 51, 51)"
        },
        {
          "name": "font-family",
          "value": "'daat'"
        }
      ]
    },
    {
      "key": "sequenceTitle",
      "cssArray": [
        {
          "name": "font-size",
          "value": "1.818em"
        },
        {
          "name": "font-weight",
          "value": "normal"
        },
        {
          "name": "color",
          "value": "rgb(51, 51, 51)"
        },
        {
          "name": "font-family",
          "value": "'daat'"
        }
      ]
    },
    {
      "key": "sequenceSubTitle",
      "cssArray": [
        {
          "name": "font-size",
          "value": "1.73em"
        },
        {
          "name": "font-weight",
          "value": "normal"
        },
        {
          "name": "color",
          "value": "rgb(17, 17, 17)"
        },
        {
          "name": "font-style",
          "value": "italic"
        },
        {
          "name": "font-family",
          "value": "'daat'"
        }
      ]
    },
    {
      "key": "pedagogicalTitle",
      "cssArray": [
        {
          "name": "font-size",
          "value": "1em"
        },
        {
          "name": "font-weight",
          "value": "bold"
        },
        {
          "name": "color",
          "value": "rgb(51, 51, 51)"
        },
        {
          "name": "font-family",
          "value": "'daat'"
        }
      ]
    },
    {
      "key": "selfcheckTitle",
      "cssArray": [
        {
          "name": "font-size",
          "value": "1em"
        },
        {
          "name": "font-weight",
          "value": "bold"
        },
        {
          "name": "color",
          "value": "rgb(51, 51, 51)"
        },
        {
          "name": "font-family",
          "value": "'daat'"
        }
      ]
    },
    {
      "key": "instruction",
      "cssArray": [
        {
          "name": "font-size",
          "value": "0.818em"
        },
        {
          "name": "font-style",
          "value": "italic"
        },
        {
          "name": "color",
          "value": "rgb(135, 135, 135)"
        },
        {
          "name": "font-family",
          "value": "'daat'"
        }
      ]
    },
    {
      "key": "feedback",
      "cssArray": [
        {
          "name": "font-size",
          "value": "0.818em"
        },
        {
          "name": "color",
          "value": "rgb(51, 51, 51)"
        },
        {
          "name": "font-family",
          "value": "'daat'"
        }
      ]
    },
    {
      "key": "imageCaption",
      "cssArray": [
        {
          "name": "font-size",
          "value": "1.143rem"
        },
        {
          "name": "color",
          "value": "rgb(135, 135, 135)"
        },
        {
          "name": "font-family",
          "value": "'daat'"
        }
      ]
    },
    {
      "key": "imageCredit",
      "cssArray": [
        {
          "name": "font-size",
          "value": "0.857rem"
        },
        {
          "name": "color",
          "value": "rgb(135, 135, 135)"
        },
        {
          "name": "font-family",
          "value": "'daat'"
        }
      ]
    },
    {
      "key": "row.title",
      "cssArray": [
        {
          "name": "font-size",
          "value": "1.429rem"
        },
        {
          "name": "font-weight",
          "value": "bold"
        },
        {
          "name": "color",
          "value": "rgb(51, 51, 51)"
        },
        {
          "name": "font-family",
          "value": "'daat'"
        }
      ]
    },
    {
      "key": "tableHeader",
      "cssArray": [
        {
          "name": "font-size",
          "value": "0.909em"
        },
        {
          "name": "font-weight",
          "value": "bold"
        },
        {
          "name": "color",
          "value": "rgb(51, 51, 51)"
        },
        {
          "name": "font-family",
          "value": "'daat'"
        }
      ]
    },
    {
      "key": "tableSummary",
      "cssArray": [
        {
          "name": "font-size",
          "value": "0.909em"
        },
        {
          "name": "font-weight",
          "value": "bold"
        },
        {
          "name": "color",
          "value": "rgb(51, 51, 51)"
        },
        {
          "name": "font-family",
          "value": "'daat'"
        }
      ]
    },
    {
      "key": "row.copyrights",
      "cssArray": [
        {
          "name": "font-size",
          "value": "0.857rem"
        },
        {
          "name": "color",
          "value": "rgb(135, 135, 135)"
        },
        {
          "name": "font-family",
          "value": "'daat'"
        }
      ]
    },
    {
      "key": "fillInTheGapsHint",
      "cssArray": [
        {
          "name": "font-size",
          "value": "1.143rem"
        },
        {
          "name": "color",
          "value": "rgb(154, 154, 154)"
        },
        {
          "name": "font-family",
          "value": "'daat'"
        }
      ]
    },
    {
      "key": "bankReadOnly",
      "cssArray": [
        {
          "name": "font-size",
          "value": "1em"
        },
        {
          "name": "color",
          "value": "rgb(102, 102, 102)"
        },
        {
          "name": "font-family",
          "value": "'daat'"
        }
      ]
    },
    {
      "key": "definition",
      "cssArray": [
        {
          "name": "font-size",
          "value": "0.909em"
        },
        {
          "name": "font-weight",
          "value": "bold"
        },
        {
          "name": "color",
          "value": "rgb(108, 108, 108)"
        },
        {
          "name": "font-family",
          "value": "'daat'"
        }
      ]
    },
    {
      "key": "subQuestion",
      "cssArray": [
        {
          "name": "font-size",
          "value": "1em"
        },
        {
          "name": "color",
          "value": "rgb(68, 68, 68)"
        },
        {
          "name": "font-family",
          "value": "'daat'"
        }
      ]
    },
    {
      "key": "normal",
      "cssArray": [
        {
          "name": "font-weight",
          "value": "normal"
        },
        {
          "name": "font-size",
          "value": "1em"
        },
        {
          "name": "color",
          "value": "rgb(51, 51, 51)"
        },
        {
          "name": "font-family",
          "value": "'daat'"
        }
      ]
    },
    {
      "key": "heading1",
      "cssArray": [
        {
          "name": "font-size",
          "value": "1.545em"
        },
        {
          "name": "font-family",
          "value": "\"daat\""
        },
        {
          "name": "color",
          "value": "rgb(51, 51, 51)"
        }
      ]
    },
    {
      "key": "heading2",
      "cssArray": [
        {
          "name": "font-size",
          "value": "1.273em"
        },
        {
          "name": "font-family",
          "value": "\"daat\""
        },
        {
          "name": "color",
          "value": "rgb(51, 51, 51)"
        }
      ]
    }
  ]
}